time_local,height_m
2026-09-28T02:43:00+10:00,0.32
2026-09-28T09:04:00+10:00,1.79
2026-09-28T15:13:00+10:00,0.38
2026-09-28T21:19:00+10:00,1.63
2026-09-29T03:18:00+10:00,0.36
2026-09-29T09:45:00+10:00,1.84
2026-09-29T16:01:00+10:00,0.38
2026-09-29T22:05:00+10:00,1.54
2026-09-30T03:57:00+10:00,0.43
2026-09-30T10:28:00+10:00,1.85
2026-09-30T16:55:00+10:00,0.41
2026-09-30T22:57:00+10:00,1.42
2026-10-01T04:40:00+10:00,0.52
2026-10-01T11:15:00+10:00,1.82
2026-10-01T17:56:00+10:00,0.46
2026-10-01T23:55:00+10:00,1.31
2026-10-02T05:30:00+10:00,0.62
2026-10-02T12:11:00+10:00,1.77
2026-10-02T19:05:00+10:00,0.50
2026-10-03T01:05:00+10:00,1.23
2026-10-03T06:32:00+10:00,0.70
2026-10-03T13:15:00+10:00,1.71
2026-10-03T20:23:00+10:00,0.52
2026-10-04T03:30:00+11:00,1.20
2026-10-04T08:49:00+11:00,0.74
2026-10-04T15:31:00+11:00,1.68
2026-10-04T22:39:00+11:00,0.49
2026-10-05T04:51:00+11:00,1.25
2026-10-05T10:11:00+11:00,0.73
2026-10-05T16:47:00+11:00,1.69
2026-10-05T23:43:00+11:00,0.44
2026-10-06T05:55:00+11:00,1.35
2026-10-06T11:25:00+11:00,0.66
2026-10-06T17:52:00+11:00,1.73
2026-10-07T00:35:00+11:00,0.38
2026-10-07T06:46:00+11:00,1.46
2026-10-07T12:28:00+11:00,0.57
2026-10-07T18:47:00+11:00,1.75
